{
    "loss": 9.64404582977295,
    "accuracy": 0.5686274766921997
}